Date,Time,Round,Day,Venue,Result,GF,GA,Opponent,xG,xGA,Poss,Attendance,Captain,Formation,Referee,Match Report,Notes
2017-08-12,17:30 (12:30),Matchweek 1,Sat,Away,W,2,0,Brighton,1.9,0.3,77,30415,Vincent Kompany,3-1-4-2,Michael Oliver,Match Report,
2017-08-21,20:00 (15:00),Matchweek 2,Mon,Home,D,1,1,Everton,1.1,0.6,64,49108,Vincent Kompany,3-1-4-2,Robert Madley,Match Report,
2017-08-26,12:30 (07:30),Matchweek 3,Sat,Away,W,2,1,Bournemouth,1.4,0.5,70,10419,Vincent Kompany,4-3-3-0,Mike Dean,Match Report,
2017-09-09,12:30 (07:30),Matchweek 4,Sat,Home,W,5,0,Liverpool,2.4,0.7,66,54172,David Silva,3-1-4-2,Jonathan Moss,Match Report,
2017-09-16,15:00 (10:00),Matchweek 5,Sat,Away,W,6,0,Watford,3.3,0.5,67,20305,David Silva,4-3-3-0,Anthony Taylor,Match Report,
2017-09-23,15:00 (10:00),Matchweek 6,Sat,Home,W,5,0,Crystal Palace,4.5,0.6,71,53526,David Silva,4-3-3-0,Niel Swarbrick,Match Report,
2017-09-30,17:30 (12:30),Matchweek 7,Sat,Away,W,1,0,Chelsea,0.9,0.5,61,41530,David Silva,4-3-3-0,Martin Atkinson,Match Report,
2017-10-14,15:00 (10:00),Matchweek 8,Sat,Home,W,7,2,Stoke City,3.8,0.5,79,54128,David Silva,4-3-3-0,Craig Pawson,Match Report,
2017-10-21,15:00 (10:00),Matchweek 9,Sat,Home,W,3,0,Burnley,3.1,0.2,77,54118,David Silva,4-3-3-0,Roger East,Match Report,
2017-10-28,15:00 (10:00),Matchweek 10,Sat,Away,W,3,2,West Brom,2.3,1.5,77,24003,David Silva,4-3-3-0,Mike Jones,Match Report,
2017-11-05,14:15 (09:15),Matchweek 11,Sun,Home,W,3,1,Arsenal,1.8,0.3,57,54286,David Silva,4-3-3-0,Michael Oliver,Match Report,
2017-11-18,15:00 (10:00),Matchweek 12,Sat,Away,W,2,0,Leicester City,1.9,0.2,73,31908,Vincent Kompany,4-3-3-0,Graham Scott,Match Report,
2017-11-26,16:00 (11:00),Matchweek 13,Sun,Away,W,2,1,Huddersfield,2.6,0.6,78,24121,Vincent Kompany,4-3-3-0,Craig Pawson,Match Report,
2017-11-29,20:00 (15:00),Matchweek 14,Wed,Home,W,2,1,Southampton,1.4,1.3,74,53407,Vincent Kompany,4-3-3-0,Paul Tierney,Match Report,
2017-12-03,16:00 (11:00),Matchweek 15,Sun,Home,W,2,1,West Ham,2.3,0.6,76,54203,David Silva,4-3-3-0,Mike Dean,Match Report,
2017-12-10,16:30 (11:30),Matchweek 16,Sun,Away,W,2,1,Manchester Utd,1.7,1.4,64,74847,Vincent Kompany,4-3-3-0,Michael Oliver,Match Report,
2017-12-13,19:45 (14:45),Matchweek 17,Wed,Away,W,4,0,Swansea City,2.7,0.6,78,20870,David Silva,4-3-3-0,Anthony Taylor,Match Report,
2017-12-16,17:30 (12:30),Matchweek 18,Sat,Home,W,4,1,Tottenham,3.4,0.2,52,54214,Fernandinho,4-3-3-0,Craig Pawson,Match Report,
2017-12-23,15:00 (10:00),Matchweek 19,Sat,Home,W,4,0,Bournemouth,1.5,0.4,78,54270,Vincent Kompany,4-3-3-0,Mike Jones,Match Report,
2017-12-27,19:45 (14:45),Matchweek 20,Wed,Away,W,1,0,Newcastle Utd,1.8,0.2,77,52311,Vincent Kompany,4-3-3-0,Andre Marriner,Match Report,
2017-12-31,12:00 (07:00),Matchweek 21,Sun,Away,D,0,0,Crystal Palace,1.3,1.3,74,25804,Fernandinho,4-3-3-0,Jonathan Moss,Match Report,
2018-01-02,20:00 (15:00),Matchweek 22,Tue,Home,W,3,1,Watford,2.1,1,76,53556,David Silva,4-3-3-0,Lee Mason,Match Report,
2018-01-14,16:00 (11:00),Matchweek 23,Sun,Away,L,3,4,Liverpool,0.8,0.8,64,53285,Fernandinho,4-3-3-0,Andre Marriner,Match Report,
2018-01-20,17:30 (12:30),Matchweek 24,Sat,Home,W,3,1,Newcastle Utd,2.1,1,80,54452,David Silva,4-3-3-0,Paul Tierney,Match Report,
2018-01-31,20:00 (15:00),Matchweek 25,Wed,Home,W,3,0,West Brom,2.3,0.2,73,53241,David Silva,4-3-3-0,Robert Madley,Match Report,
2018-02-03,12:30 (07:30),Matchweek 26,Sat,Away,D,1,1,Burnley,1.8,0.9,70,21658,Vincent Kompany,4-3-3-0,Martin Atkinson,Match Report,
2018-02-10,17:30 (12:30),Matchweek 27,Sat,Home,W,5,1,Leicester City,2.5,0.1,70,54416,Fernandinho,4-3-3-0,Mike Jones,Match Report,
2018-03-01,19:45 (14:45),Matchweek 28,Thu,Away,W,3,0,Arsenal,1.5,1.3,54,58420,Vincent Kompany,4-3-3-0,Andre Marriner,Match Report,
2018-03-04,16:00 (11:00),Matchweek 29,Sun,Home,W,1,0,Chelsea,0.9,0.1,71,54328,David Silva,4-3-3-0,Michael Oliver,Match Report,
2018-03-12,20:00 (16:00),Matchweek 30,Mon,Away,W,2,0,Stoke City,1.6,0.4,76,29138,Vincent Kompany,4-3-3-0,Jonathan Moss,Match Report,
2018-03-31,17:30 (12:30),Matchweek 32,Sat,Away,W,3,1,Everton,1.5,0.9,81,39221,Vincent Kompany,3-5-2-0,Paul Tierney,Match Report,
2018-04-07,17:30 (12:30),Matchweek 33,Sat,Home,L,2,3,Manchester Utd,2.6,1.1,64,54259,Vincent Kompany,4-3-3-0,Martin Atkinson,Match Report,
2018-04-14,19:45 (14:45),Matchweek 34,Sat,Away,W,3,1,Tottenham,2.9,0.4,52,80811,Vincent Kompany,4-3-3-0,Jonathan Moss,Match Report,
2018-04-22,16:30 (11:30),Matchweek 35,Sun,Home,W,5,0,Swansea City,3.2,0.3,82,54387,Vincent Kompany,4-3-3-0,Craig Pawson,Match Report,
2018-04-29,14:15 (09:15),Matchweek 36,Sun,Away,W,4,1,West Ham,2.4,0.2,74,56904,Fernandinho,4-3-3-0,Niel Swarbrick,Match Report,
2018-05-06,13:30 (08:30),Matchweek 37,Sun,Home,D,0,0,Huddersfield,0.8,0.2,78,54350,David Silva,4-3-3-0,Mike Dean,Match Report,
2018-05-09,20:00 (15:00),Matchweek 31,Wed,Home,W,3,1,Brighton,1.6,1.2,73,54013,Yaya Touré,4-3-3-0,Paul Tierney,Match Report,
2018-05-13,15:00 (10:00),Matchweek 38,Sun,Away,W,1,0,Southampton,0.8,0.5,69,31882,Fernandinho,4-3-3-0,Andre Marriner,Match Report,
2018-08-12,16:00 (11:00),Matchweek 1,Sun,Away,W,2,0,Arsenal,1.7,0.5,58,59934,Fernandinho,4-2-3-1,Michael Oliver,Match Report,
2018-08-19,13:30 (08:30),Matchweek 2,Sun,Home,W,6,1,Huddersfield,4.2,0.7,76,54021,Vincent Kompany,3-1-4-2,Andre Marriner,Match Report,
2018-08-25,12:30 (07:30),Matchweek 3,Sat,Away,D,1,1,Wolves,1.6,1,71,31322,Vincent Kompany,4-3-3-0,Martin Atkinson,Match Report,
2018-09-01,17:30 (12:30),Matchweek 4,Sat,Home,W,2,1,Newcastle Utd,2,0.5,78,53946,David Silva,4-1-3-2,Kevin Friend,Match Report,
2018-09-15,15:00 (10:00),Matchweek 5,Sat,Home,W,3,0,Fulham,4.8,0.4,64,53307,David Silva,4-3-3-0,Stuart Attwell,Match Report,
2018-09-22,15:00 (10:00),Matchweek 6,Sat,Away,W,5,0,Cardiff City,2.5,0.1,78,32321,Fernandinho,4-3-3-0,Michael Oliver,Match Report,
2018-09-29,15:00 (10:00),Matchweek 7,Sat,Home,W,2,0,Brighton,2.7,0.2,79,54152,David Silva,4-3-3-0,Lee Mason,Match Report,
2018-10-07,16:30 (11:30),Matchweek 8,Sun,Away,D,0,0,Liverpool,1,0.4,51,52117,David Silva,4-2-3-1,Martin Atkinson,Match Report,
2018-10-20,15:00 (10:00),Matchweek 9,Sat,Home,W,5,0,Burnley,4,0.4,69,54094,Vincent Kompany,4-3-3-0,Jonathan Moss,Match Report,
2018-10-29,20:00 (16:00),Matchweek 10,Mon,Away,W,1,0,Tottenham,1.6,0.4,51,56854,David Silva,4-3-3-0,Kevin Friend,Match Report,
2018-11-04,15:00 (10:00),Matchweek 11,Sun,Home,W,6,1,Southampton,2.2,2,66,53916,David Silva,4-3-3-0,Lee Mason,Match Report,
2018-11-11,16:30 (11:30),Matchweek 12,Sun,Home,W,3,1,Manchester Utd,1.9,1.1,65,54316,David Silva,4-3-3-0,Anthony Taylor,Match Report,
2018-11-24,15:00 (10:00),Matchweek 13,Sat,Away,W,4,0,West Ham,2.7,0.9,69,56886,David Silva,4-3-3-0,Andre Marriner,Match Report,
2018-12-01,15:00 (10:00),Matchweek 14,Sat,Home,W,3,1,Bournemouth,2.6,0.6,72,54409,Fernandinho,4-3-3-0,Stuart Attwell,Match Report,
2018-12-04,20:00 (15:00),Matchweek 15,Tue,Away,W,2,1,Watford,2.5,1.8,70,20389,Vincent Kompany,4-3-3-0,Paul Tierney,Match Report,
2018-12-08,17:30 (12:30),Matchweek 16,Sat,Away,L,0,2,Chelsea,0.9,0.6,61,40571,David Silva,4-3-3-0,Michael Oliver,Match Report,
2018-12-15,12:30 (07:30),Matchweek 17,Sat,Home,W,3,1,Everton,1.7,1.5,67,54173,Fernandinho,4-3-3-0,Craig Pawson,Match Report,
2018-12-22,15:00 (10:00),Matchweek 18,Sat,Home,L,2,3,Crystal Palace,1.5,0.9,78,54340,Fabian Delph,4-3-3-0,Andre Marriner,Match Report,
2018-12-26,15:00 (10:00),Matchweek 19,Wed,Away,L,1,2,Leicester City,1.4,1.3,66,32090,Sergio Agüero,4-3-3-0,Mike Dean,Match Report,
2018-12-30,14:15 (09:15),Matchweek 20,Sun,Away,W,3,1,Southampton,2.5,0.2,76,31381,Vincent Kompany,4-3-3-0,Paul Tierney,Match Report,
2019-01-03,20:00 (15:00),Matchweek 21,Thu,Home,W,2,1,Liverpool,1.1,1.5,49,54511,Vincent Kompany,4-3-3-0,Anthony Taylor,Match Report,
2019-01-14,20:00 (15:00),Matchweek 22,Mon,Home,W,3,0,Wolves,2.8,0.1,76,54171,David Silva,4-3-3-0,Craig Pawson,Match Report,
2019-01-20,13:30 (08:30),Matchweek 23,Sun,Away,W,3,0,Huddersfield,2,0.9,67,24190,Fernandinho,4-3-3-0,Andre Marriner,Match Report,
2019-01-29,20:00 (15:00),Matchweek 24,Tue,Away,L,1,2,Newcastle Utd,1.4,1.1,75,50861,David Silva,4-3-3-0,Paul Tierney,Match Report,
2019-02-03,16:30 (11:30),Matchweek 25,Sun,Home,W,3,1,Arsenal,2.7,0.7,59,54483,David Silva,4-3-3-0,Martin Atkinson,Match Report,
2019-02-06,19:45 (14:45),Matchweek 27,Wed,Away,W,2,0,Everton,2.2,0.1,61,39322,David Silva,4-3-3-0,Craig Pawson,Match Report,
2019-02-10,16:00 (11:00),Matchweek 26,Sun,Home,W,6,0,Chelsea,3,0.9,56,54452,Fernandinho,4-3-3-0,Mike Dean,Match Report,
2019-02-27,20:00 (15:00),Matchweek 28,Wed,Home,W,1,0,West Ham,3.5,0.4,75,53528,Vincent Kompany,4-3-3-0,Stuart Attwell,Match Report,
2019-03-02,15:00 (10:00),Matchweek 29,Sat,Away,W,1,0,Bournemouth,1.2,0,81,10699,David Silva,4-3-3-0,Kevin Friend,Match Report,
2019-03-09,17:30 (12:30),Matchweek 30,Sat,Home,W,3,1,Watford,3.4,0.2,71,54104,Vincent Kompany,4-3-3-0,Paul Tierney,Match Report,
2019-03-30,12:30 (08:30),Matchweek 32,Sat,Away,W,2,0,Fulham,1.8,0.5,65,25001,David Silva,4-3-3-0,Kevin Friend,Match Report,
2019-04-03,19:45 (14:45),Matchweek 33,Wed,Home,W,2,0,Cardiff City,3.2,0.1,79,53559,Fernandinho,4-3-3-0,Jonathan Moss,Match Report,
2019-04-14,14:05 (09:05),Matchweek 34,Sun,Away,W,3,1,Crystal Palace,2.5,0.4,73,25721,Vincent Kompany,4-2-3-1,Martin Atkinson,Match Report,
2019-04-20,12:30 (07:30),Matchweek 35,Sat,Home,W,1,0,Tottenham,1.9,1,61,54489,Sergio Agüero,4-3-3-0,Michael Oliver,Match Report,
2019-04-24,20:00 (15:00),Matchweek 31,Wed,Away,W,2,0,Manchester Utd,0.5,0.5,63,74431,Vincent Kompany,4-3-3-0,Andre Marriner,Match Report,
2019-04-28,14:05 (09:05),Matchweek 36,Sun,Away,W,1,0,Burnley,2.5,0.1,69,21605,Vincent Kompany,4-3-3-0,Paul Tierney,Match Report,
2019-05-06,20:00 (15:00),Matchweek 37,Mon,Home,W,1,0,Leicester City,1,0.5,61,54506,Vincent Kompany,4-3-3-0,Mike Dean,Match Report,
2019-05-12,15:00 (10:00),Matchweek 38,Sun,Away,W,4,1,Brighton,1.6,0.5,75,30662,Vincent Kompany,4-4-1-1,Michael Oliver,Match Report,
2019-08-10,12:30 (07:30),Matchweek 1,Sat,Away,W,5,0,West Ham,3.2,1.1,57,59870,David Silva,4-3-3-0,Mike Dean,Match Report,
2019-08-17,17:30 (12:30),Matchweek 2,Sat,Home,D,2,2,Tottenham,2.9,0.1,55,54503,Kevin De Bruyne,4-2-3-1,Michael Oliver,Match Report,
2019-08-25,14:00 (09:00),Matchweek 3,Sun,Away,W,3,1,Bournemouth,3,2.2,74,10486,David Silva,4-3-3-0,Andre Marriner,Match Report,
2019-08-31,15:00 (10:00),Matchweek 4,Sat,Home,W,4,0,Brighton,1.9,0.9,53,54386,David Silva,4-3-3-0,Jonathan Moss,Match Report,
2019-09-14,17:30 (12:30),Matchweek 5,Sat,Away,L,2,3,Norwich City,2.3,1.5,68,27035,David Silva,4-2-3-1,Kevin Friend,Match Report,
2019-09-21,15:00 (10:00),Matchweek 6,Sat,Home,W,8,0,Watford,5.9,0.4,68,54273,David Silva,4-3-3-0,Mike Dean,Match Report,
2019-09-28,17:30 (12:30),Matchweek 7,Sat,Away,W,3,1,Everton,2.8,2.4,63,39222,Fernandinho,4-3-3-0,Michael Oliver,Match Report,
2019-10-06,14:00 (09:00),Matchweek 8,Sun,Home,L,0,2,Wolves,1.4,1,75,54435,David Silva,4-2-3-1,Craig Pawson,Match Report,
2019-10-19,17:30 (12:30),Matchweek 9,Sat,Away,W,2,0,Crystal Palace,3.5,0.9,71,25480,David Silva,4-3-3-0,Anthony Taylor,Match Report,
2019-10-26,12:30 (07:30),Matchweek 10,Sat,Home,W,3,0,Aston Villa,2.9,1,63,54506,David Silva,4-3-3-0,Graham Scott,Match Report,
2019-11-02,15:00 (11:00),Matchweek 11,Sat,Home,W,2,1,Southampton,2.9,0.9,75,53922,David Silva,4-3-3-0,Lee Mason,Match Report,
2019-11-10,16:30 (11:30),Matchweek 12,Sun,Away,L,1,3,Liverpool,1.3,1.1,55,53324,Fernandinho,4-2-3-1,Michael Oliver,Match Report,
2019-11-23,17:30 (12:30),Matchweek 13,Sat,Home,W,2,1,Chelsea,1,0.9,47,54486,David Silva,4-3-3-0,Martin Atkinson,Match Report,
2019-11-30,12:30 (07:30),Matchweek 14,Sat,Away,D,2,2,Newcastle Utd,2.4,0.3,75,49937,David Silva,4-3-3-0,Chris Kavanagh,Match Report,
2019-12-03,20:15 (15:15),Matchweek 15,Tue,Away,W,4,1,Burnley,2.2,0.6,75,20101,David Silva,4-3-3-0,Jonathan Moss,Match Report,
2019-12-07,17:30 (12:30),Matchweek 16,Sat,Home,L,1,2,Manchester Utd,2.2,1.4,72,54403,David Silva,4-3-3-0,Anthony Taylor,Match Report,
2019-12-15,16:30 (11:30),Matchweek 17,Sun,Away,W,3,0,Arsenal,1.3,0.5,57,60031,Fernandinho,4-2-3-1,Paul Tierney,Match Report,
2019-12-21,17:30 (12:30),Matchweek 18,Sat,Home,W,3,1,Leicester City,3.3,1.1,62,54415,Fernandinho,4-2-3-1,Mike Dean,Match Report,
2019-12-27,19:45 (14:45),Matchweek 19,Fri,Away,L,2,3,Wolves,1.5,2.6,38,31737,Fernandinho,4-2-3-1,Martin Atkinson,Match Report,
2019-12-29,18:00 (13:00),Matchweek 20,Sun,Home,W,2,0,Sheffield Utd,1.1,1.1,72,54512,Fernandinho,4-3-3-0,Chris Kavanagh,Match Report,
2020-01-01,17:30 (12:30),Matchweek 21,Wed,Home,W,2,1,Everton,1.5,1,65,54407,Fernandinho,3-4-3-0,Andre Marriner,Match Report,
2020-01-12,16:30 (11:30),Matchweek 22,Sun,Away,W,6,1,Aston Villa,2.8,1.1,70,41823,David Silva,4-3-3-0,Jonathan Moss,Match Report,
2020-01-18,15:00 (10:00),Matchweek 23,Sat,Home,D,2,2,Crystal Palace,2.6,0.4,72,54439,David Silva,4-3-3-0,Graham Scott,Match Report,
2020-01-21,19:30 (14:30),Matchweek 24,Tue,Away,W,1,0,Sheffield Utd,2.8,0.8,66,31285,Fernandinho,3-4-3-0,Lee Mason,Match Report,
2020-02-02,16:30 (11:30),Matchweek 25,Sun,Away,L,0,2,Tottenham,2.4,0.3,67,61022,Fernandinho,4-3-3-0,Mike Dean,Match Report,
2020-02-19,19:30 (14:30),Matchweek 26,Wed,Home,W,2,0,West Ham,2.1,0.1,77,52159,David Silva,4-3-3-0,Kevin Friend,Match Report,
2020-02-22,17:30 (12:30),Matchweek 27,Sat,Away,W,1,0,Leicester City,2.4,0.8,67,32068,Fernandinho,4-3-3-0,Paul Tierney,Match Report,
2020-03-08,16:30 (12:30),Matchweek 29,Sun,Away,L,0,2,Manchester Utd,0.6,1.6,72,73288,Fernandinho,4-3-3-0,Mike Dean,Match Report,
2020-06-17,20:15 (15:15),Matchweek 28,Wed,Home,W,3,0,Arsenal,2.6,0.3,67,,David Silva,4-3-3-0,Anthony Taylor,Match Report,
2020-06-22,20:00 (15:00),Matchweek 30,Mon,Home,W,5,0,Burnley,2.4,0,71,,David Silva,4-3-3-0,Andre Marriner,Match Report,
2020-06-25,20:15 (15:15),Matchweek 31,Thu,Away,L,1,2,Chelsea,0.8,3.2,65,,Fernandinho,4-3-3-0,Stuart Attwell,Match Report,
2020-07-02,20:15 (15:15),Matchweek 32,Thu,Home,W,4,0,Liverpool,2.4,1.1,47,,Kevin De Bruyne,4-2-3-1,Anthony Taylor,Match Report,
2020-07-05,19:00 (14:00),Matchweek 33,Sun,Away,L,0,1,Southampton,3.2,0.6,73,,David Silva,4-3-3-0,Andre Marriner,Match Report,
2020-07-08,18:00 (13:00),Matchweek 34,Wed,Home,W,5,0,Newcastle Utd,2.8,0.3,73,,David Silva,4-3-3-0,Andy Madley,Match Report,
2020-07-11,20:00 (15:00),Matchweek 35,Sat,Away,W,5,0,Brighton,4.4,0.2,70,,Kevin De Bruyne,4-3-3-0,Graham Scott,Match Report,
2020-07-15,18:00 (13:00),Matchweek 36,Wed,Home,W,2,1,Bournemouth,0.7,1.6,71,,David Silva,4-2-3-1,Lee Mason,Match Report,
2020-07-21,18:00 (13:00),Matchweek 37,Tue,Away,W,4,0,Watford,3.3,0.1,76,,Kevin De Bruyne,4-3-3-0,Michael Oliver,Match Report,
2020-07-26,16:00 (11:00),Matchweek 38,Sun,Home,W,5,0,Norwich City,3.2,1,73,,David Silva,4-3-3-0,Craig Pawson,Match Report,
2020-09-21,20:15 (15:15),Matchweek 2,Mon,Away,W,3,1,Wolves,1.9,0.6,65,,Fernandinho,4-2-3-1,Andre Marriner,Match Report,
2020-09-27,16:30 (11:30),Matchweek 3,Sun,Home,L,2,5,Leicester City,0.9,2.9,72,,Fernandinho,4-2-3-1,Michael Oliver,Match Report,
2020-10-03,17:30 (12:30),Matchweek 4,Sat,Away,D,1,1,Leeds United,1.2,2.4,49,,Kevin De Bruyne,4-3-3-0,Mike Dean,Match Report,
2020-10-17,17:30 (12:30),Matchweek 5,Sat,Home,W,1,0,Arsenal,1.3,0.9,58,,Raheem Sterling,3-1-4-2,Chris Kavanagh,Match Report,
2020-10-24,12:30 (07:30),Matchweek 6,Sat,Away,D,1,1,West Ham,1,0.3,69,,Raheem Sterling,4-3-3-0,Anthony Taylor,Match Report,
2020-10-31,12:30 (08:30),Matchweek 7,Sat,Away,W,1,0,Sheffield Utd,1.6,0.5,65,,Kevin De Bruyne,4-3-3-0,Michael Oliver,Match Report,
2020-11-08,16:30 (11:30),Matchweek 8,Sun,Home,D,1,1,Liverpool,1.4,1.2,54,,Kevin De Bruyne,4-2-3-1,Craig Pawson,Match Report,
2020-11-21,17:30 (12:30),Matchweek 9,Sat,Away,L,0,2,Tottenham,1.4,0.7,66,,Kevin De Bruyne,4-3-3-0,Mike Dean,Match Report,
2020-11-28,15:00 (10:00),Matchweek 10,Sat,Home,W,5,0,Burnley,1.7,0.5,68,,Kevin De Bruyne,4-2-3-1,Lee Mason,Match Report,
2020-12-05,15:00 (10:00),Matchweek 11,Sat,Home,W,2,0,Fulham,2.9,0.3,69,,Kevin De Bruyne,4-2-3-1,Jonathan Moss,Match Report,
2020-12-12,17:30 (12:30),Matchweek 12,Sat,Away,D,0,0,Manchester Utd,1.3,0.6,54,,Fernandinho,4-2-3-1,Chris Kavanagh,Match Report,
2020-12-15,20:00 (15:00),Matchweek 13,Tue,Home,D,1,1,West Brom,2.2,0.4,77,,Kevin De Bruyne,4-2-3-1,Peter Bankes,Match Report,
2020-12-19,15:00 (10:00),Matchweek 14,Sat,Away,W,1,0,Southampton,0.9,0.7,52,,Kevin De Bruyne,4-2-3-1,Mike Dean,Match Report,
2020-12-26,20:00 (15:00),Matchweek 15,Sat,Home,W,2,0,Newcastle Utd,3,0.3,74,,Kevin De Bruyne,3-4-3-0,Andre Marriner,Match Report,
2021-01-03,16:30 (11:30),Matchweek 17,Sun,Away,W,3,1,Chelsea,2.7,0.8,46,,Kevin De Bruyne,4-3-3-0,Anthony Taylor,Match Report,
2021-01-13,18:00 (13:00),Matchweek 18,Wed,Home,W,1,0,Brighton,2,0.2,65,,Kevin De Bruyne,4-3-3-0,Darren England,Match Report,
2021-01-17,19:15 (14:15),Matchweek 19,Sun,Home,W,4,0,Crystal Palace,0.7,0.1,71,,Fernandinho,4-3-3-0,Lee Mason,Match Report,
2021-01-20,18:00 (13:00),Matchweek 1,Wed,Home,W,2,0,Aston Villa,3.4,0.6,69,,Kevin De Bruyne,4-3-3-0,Jonathan Moss,Match Report,
2021-01-26,20:15 (15:15),Matchweek 20,Tue,Away,W,5,0,West Brom,1.8,0.5,77,,Raheem Sterling,4-3-3-0,Chris Kavanagh,Match Report,
2021-01-30,15:00 (10:00),Matchweek 21,Sat,Home,W,1,0,Sheffield Utd,1.5,0.2,75,,Fernandinho,4-3-3-0,David Coote,Match Report,
2021-02-03,18:00 (13:00),Matchweek 22,Wed,Away,W,2,0,Burnley,2,0.1,74,,Raheem Sterling,4-3-3-0,Martin Atkinson,Match Report,
2021-02-07,16:30 (11:30),Matchweek 23,Sun,Away,W,4,1,Liverpool,3.5,1.2,44,,Raheem Sterling,4-3-3-0,Michael Oliver,Match Report,
2021-02-13,17:30 (12:30),Matchweek 24,Sat,Home,W,3,0,Tottenham,2.2,0.3,60,,Raheem Sterling,4-3-3-0,Paul Tierney,Match Report,
2021-02-17,20:15 (15:15),Matchweek 16,Wed,Away,W,3,1,Everton,1,1,71,,Raheem Sterling,4-3-3-0,Andre Marriner,Match Report,
2021-02-21,16:30 (11:30),Matchweek 25,Sun,Away,W,1,0,Arsenal,1.8,0.3,55,,Fernandinho,4-3-3-0,Jonathan Moss,Match Report,
2021-02-27,12:30 (07:30),Matchweek 26,Sat,Home,W,2,1,West Ham,0.5,1.5,63,,Fernandinho,4-3-3-0,Michael Oliver,Match Report,
2021-03-02,20:00 (15:00),Matchweek 29,Tue,Home,W,4,1,Wolves,3.3,0.3,72,,Kevin De Bruyne,4-3-3-0,Chris Kavanagh,Match Report,
2021-03-07,16:30 (11:30),Matchweek 27,Sun,Home,L,0,2,Manchester Utd,1.3,1.7,66,,Kevin De Bruyne,4-2-3-1,Anthony Taylor,Match Report,
2021-03-10,18:00 (13:00),Matchweek 33,Wed,Home,W,5,2,Southampton,2.6,1.6,58,,Fernandinho,4-3-3-0,Jonathan Moss,Match Report,
2021-03-13,20:00 (15:00),Matchweek 28,Sat,Away,W,3,0,Fulham,2.2,0.3,54,,Sergio Agüero,3-4-3-0,Andre Marriner,Match Report,
2021-04-03,17:30 (12:30),Matchweek 30,Sat,Away,W,2,0,Leicester City,1.4,0.3,56,,Fernandinho,4-2-3-1,Anthony Taylor,Match Report,
2021-04-10,12:30 (07:30),Matchweek 31,Sat,Home,L,1,2,Leeds United,2.1,0.1,71,,Fernandinho,4-3-3-0,Andre Marriner,Match Report,
2021-04-21,20:15 (15:15),Matchweek 32,Wed,Away,W,2,1,Aston Villa,1.2,0.7,72,,İlkay Gündoğan,4-3-3-0,Peter Bankes,Match Report,
2021-05-01,12:30 (07:30),Matchweek 34,Sat,Away,W,2,0,Crystal Palace,1.7,0.9,68,,Fernandinho,4-4-1-1,David Coote,Match Report,
2021-05-08,17:30 (12:30),Matchweek 35,Sat,Home,L,1,2,Chelsea,1.8,0.7,48,,Raheem Sterling,3-1-4-2,Anthony Taylor,Match Report,
2021-05-14,20:00 (15:00),Matchweek 36,Fri,Away,W,4,3,Newcastle Utd,1.5,2.2,82,,Raheem Sterling,4-3-3-0,Kevin Friend,Match Report,
2021-05-18,19:00 (14:00),Matchweek 37,Tue,Away,L,2,3,Brighton,0.9,1.1,37,7945,İlkay Gündoğan,4-3-3-0,Stuart Attwell,Match Report,
2021-05-23,16:00 (11:00),Matchweek 38,Sun,Home,W,5,0,Everton,2.5,1.1,67,10000,Fernandinho,4-3-3-0,Michael Oliver,Match Report,
2021-08-15,16:30 (11:30),Matchweek 1,Sun,Away,L,0,1,Tottenham,2,1,65,58262,Fernandinho,4-3-3-0,Anthony Taylor,Match Report,
2021-08-21,15:00 (10:00),Matchweek 2,Sat,Home,W,5,0,Norwich City,2.7,0.1,67,51437,İlkay Gündoğan,4-3-3-0,Graham Scott,Match Report,
2021-08-28,12:30 (07:30),Matchweek 3,Sat,Home,W,5,0,Arsenal,4,0.2,80,52276,İlkay Gündoğan,4-3-3-0,Martin Atkinson,Match Report,
2021-09-11,15:00 (10:00),Matchweek 4,Sat,Away,W,1,0,Leicester City,3.3,0.6,61,32087,İlkay Gündoğan,4-3-3-0,Paul Tierney,Match Report,
2021-09-18,15:00 (10:00),Matchweek 5,Sat,Home,D,0,0,Southampton,1.2,0.5,64,52698,Fernandinho,4-3-3-0,Jonathan Moss,Match Report,
2021-09-25,12:30 (07:30),Matchweek 6,Sat,Away,W,1,0,Chelsea,1.4,0.2,59,40036,Rúben Dias,4-3-3-0,Michael Oliver,Match Report,
2021-10-03,16:30 (11:30),Matchweek 7,Sun,Away,D,2,2,Liverpool,1.7,0.8,51,53102,Rúben Dias,4-3-3-0,Paul Tierney,Match Report,
2021-10-16,15:00 (10:00),Matchweek 8,Sat,Home,W,2,0,Burnley,2.2,0.8,70,52711,Kevin De Bruyne,4-3-3-0,Martin Atkinson,Match Report,
2021-10-23,17:30 (12:30),Matchweek 9,Sat,Away,W,4,1,Brighton,4,1.4,52,31215,İlkay Gündoğan,4-3-3-0,Kevin Friend,Match Report,
2021-10-30,15:00 (10:00),Matchweek 10,Sat,Home,L,0,2,Crystal Palace,1.1,0.8,68,53014,Rúben Dias,4-3-3-0,Andre Marriner,Match Report,
2021-11-06,12:30 (08:30),Matchweek 11,Sat,Away,W,2,0,Manchester Utd,2.3,0.8,67,73086,İlkay Gündoğan,4-3-3-0,Michael Oliver,Match Report,
2021-11-21,14:00 (09:00),Matchweek 12,Sun,Home,W,3,0,Everton,2.6,0.2,77,52571,İlkay Gündoğan,4-3-3-0,Stuart Attwell,Match Report,
2021-11-28,14:00 (09:00),Matchweek 13,Sun,Home,W,2,1,West Ham,2.4,0.2,68,53245,İlkay Gündoğan,4-3-3-0,Michael Oliver,Match Report,
2021-12-01,20:15 (15:15),Matchweek 14,Wed,Away,W,2,1,Aston Villa,1.2,0.9,64,41400,Fernandinho,4-2-3-1,Mike Dean,Match Report,
2021-12-04,17:30 (12:30),Matchweek 15,Sat,Away,W,3,1,Watford,3.5,0.9,77,20673,İlkay Gündoğan,4-3-3-0,Simon Hooper,Match Report,
2021-12-11,12:30 (07:30),Matchweek 16,Sat,Home,W,1,0,Wolves,3.5,0.1,71,52613,İlkay Gündoğan,4-3-3-0,Jonathan Moss,Match Report,
2021-12-14,20:00 (15:00),Matchweek 17,Tue,Home,W,7,0,Leeds United,3.2,0.3,63,52401,Rúben Dias,4-2-3-1,Paul Tierney,Match Report,
2021-12-19,14:15 (09:15),Matchweek 18,Sun,Away,W,4,0,Newcastle Utd,2.9,0.4,71,52127,Rúben Dias,4-2-3-1,Martin Atkinson,Match Report,
2021-12-26,15:00 (10:00),Matchweek 19,Sun,Home,W,6,3,Leicester City,3.9,2.4,72,53226,Fernandinho,4-3-3-0,Chris Kavanagh,Match Report,
2021-12-29,20:15 (15:15),Matchweek 20,Wed,Away,W,1,0,Brentford,1,0.6,76,17009,Fernandinho,4-3-3-0,David Coote,Match Report,
2022-01-01,12:30 (07:30),Matchweek 21,Sat,Away,W,2,1,Arsenal,2.2,0.9,71,59757,Rúben Dias,4-2-3-1,Stuart Attwell,Match Report,
2022-01-15,12:30 (07:30),Matchweek 22,Sat,Home,W,1,0,Chelsea,0.9,0.4,56,53319,Kevin De Bruyne,4-2-3-1,Craig Pawson,Match Report,
2022-01-22,17:30 (12:30),Matchweek 23,Sat,Away,D,1,1,Southampton,1.9,0.7,74,31178,Rúben Dias,4-3-3-0,Simon Hooper,Match Report,
2022-02-09,19:45 (14:45),Matchweek 24,Wed,Home,W,2,0,Brentford,1.8,0.6,74,51658,Rúben Dias,4-3-3-0,Darren England,Match Report,
2022-02-12,17:30 (12:30),Matchweek 25,Sat,Away,W,4,0,Norwich City,4.9,0.5,71,27010,Fernandinho,4-3-3-0,Andre Marriner,Match Report,
2022-02-19,17:30 (12:30),Matchweek 26,Sat,Home,L,2,3,Tottenham,2.6,1.1,71,53201,İlkay Gündoğan,4-3-3-0,Anthony Taylor,Match Report,
2022-02-26,17:30 (12:30),Matchweek 27,Sat,Away,W,1,0,Everton,1.9,0.5,67,39105,İlkay Gündoğan,4-3-3-0,Paul Tierney,Match Report,
2022-03-06,16:30 (11:30),Matchweek 28,Sun,Home,W,4,1,Manchester Utd,3.1,0.5,69,53165,Kevin De Bruyne,4-3-3-0,Michael Oliver,Match Report,
2022-03-14,20:00 (16:00),Matchweek 29,Mon,Away,D,0,0,Crystal Palace,2.9,0.8,73,25309,Kevin De Bruyne,4-3-3-0,Martin Atkinson,Match Report,
2022-04-02,15:00 (10:00),Matchweek 31,Sat,Away,W,2,0,Burnley,2,0.1,76,21249,İlkay Gündoğan,4-3-3-0,Craig Pawson,Match Report,
2022-04-10,16:30 (11:30),Matchweek 32,Sun,Home,D,2,2,Liverpool,1.6,1.2,55,53197,Kevin De Bruyne,4-2-3-1,Anthony Taylor,Match Report,
2022-04-20,20:00 (15:00),Matchweek 30,Wed,Home,W,3,0,Brighton,1.6,0.2,65,52226,İlkay Gündoğan,4-3-3-0,Mike Dean,Match Report,
2022-04-23,15:00 (10:00),Matchweek 34,Sat,Home,W,5,1,Watford,3.9,0.4,73,53013,Fernandinho,4-2-3-1,Kevin Friend,Match Report,
2022-04-30,17:30 (12:30),Matchweek 35,Sat,Away,W,4,0,Leeds United,2.5,1.3,58,35771,İlkay Gündoğan,4-2-3-1,Paul Tierney,Match Report,
2022-05-08,16:30 (11:30),Matchweek 36,Sun,Home,W,5,0,Newcastle Utd,3.3,0.8,71,53336,İlkay Gündoğan,4-2-3-1,Stuart Attwell,Match Report,
2022-05-11,20:15 (15:15),Matchweek 33,Wed,Away,W,5,1,Wolves,2.8,0.5,66,32000,Fernandinho,4-2-3-1,Martin Atkinson,Match Report,
2022-05-15,14:00 (09:00),Matchweek 37,Sun,Away,D,2,2,West Ham,2.9,1.8,78,59972,Fernandinho,4-3-3-0,Anthony Taylor,Match Report,
2022-05-22,16:00 (11:00),Matchweek 38,Sun,Home,W,3,2,Aston Villa,3.7,0.3,71,53395,Fernandinho,4-3-3-0,Michael Oliver,Match Report,